Automation Books,Amazon Links
"""Software Automation Testing Secrets Revealed""",https://www.amazon.in/sspa/click?ie=UTF8&spc=MTo4MTE3ODQ3NzQ5MjU1OTAyOjE2ODQzMTk2OTU6c3BfYXRmOjIwMDE0NzY3MTEwOTk4OjowOjo&url=%2FSoftware-Automation-Testing-Secrets-Revealed%2Fdp%2F9383952954%2Fref%3Dsr_1_1_sspa%3Fkeywords%3DAutomation%2BBooks%26qid%3D1684319695%26sr%3D8-1-spons%26sp_csd%3Dd2lkZ2V0TmFtZT1zcF9hdGY%26psc%3D1
World’s Greatest Books For Personal Growth & Wealth (Set of 4 Books): Perfect Motivational Gift Set,https://www.amazon.in/sspa/click?ie=UTF8&spc=MTo4MTE3ODQ3NzQ5MjU1OTAyOjE2ODQzMTk2OTU6c3BfYXRmOjIwMDQwNzk4NjY5MDk4OjowOjo&url=%2FWorlds-Greatest-Personal-Growth-Wealth%2Fdp%2F9389432014%2Fref%3Dsr_1_2_sspa%3Fkeywords%3DAutomation%2BBooks%26qid%3D1684319695%26sr%3D8-2-spons%26sp_csd%3Dd2lkZ2V0TmFtZT1zcF9hdGY%26psc%3D1
Absolute Beginner (Part 1) Selenium WebDriver for Functional Automation Testing: Your Beginners Guide,https://www.amazon.in/Absolute-Beginner-WebDriver-Functional-Automation-ebook/dp/B01ITRPGAE/ref=sr_1_3?keywords=Automation+Books&qid=1684319695&sr=8-3
"Automation, Production Systems, and Computer-Integrated Manufacturing, 4e",https://www.amazon.in/Automation-Production-Systems-Computer-Integrated-Manufacturing/dp/9332572496/ref=sr_1_4?keywords=Automation+Books&qid=1684319695&sr=8-4
"IT Infrastructure Automation Using Ansible: Guidelines to Automate the Network, Windows, Linux, and Cloud Administration",https://www.amazon.in/Infrastructure-Automation-Using-Ansible-Administration/dp/9391030033/ref=sr_1_5?keywords=Automation+Books&qid=1684319695&sr=8-5
Absolute Beginner (Part 1) Java 4 Selenium WebDriver: Come Learn How To Program For Automation Testing,https://www.amazon.in/Absolute-Beginner-Part-Selenium-WebDriver-ebook/dp/B01CO4E000/ref=sr_1_6?keywords=Automation+Books&qid=1684319695&sr=8-6
"I, Human: AI, Automation, and the Quest to Reclaim What Makes Us Unique",https://www.amazon.in/Human-Automation-Quest-Reclaim-Unique/dp/1647820553/ref=sr_1_7?keywords=Automation+Books&qid=1684319695&sr=8-7
Intelligent Automation: Welcome To The World Of Hyperautomation: Learn How To Harness Artificial Intelligence To Boost Business & Make Our World More Human,https://www.amazon.in/Intelligent-Automation-Hyperautomation-Artificial-Intelligence/dp/9811235597/ref=sr_1_8?keywords=Automation+Books&qid=1684319695&sr=8-8
The Ultimate Cypress Test Automation Book,https://www.amazon.in/Ultimate-Cypress-Test-Automation-Book-ebook/dp/B09PRQXV87/ref=sr_1_9?keywords=Automation+Books&qid=1684319695&sr=8-9
"Python Automation Cookbook: 75 Python automation ideas for web scraping, data wrangling, and processing Excel, reports, emails, and more, 2nd Edition",https://www.amazon.in/Python-Automation-Cookbook-automation-processing/dp/1800207085/ref=sr_1_10?keywords=Automation+Books&qid=1684319695&sr=8-10
